S,B,latency_s,memory_bytes,energy_j,oom,is_validation,flops_pred,memory_pred_bytes,memory_limit_bytes,latency_pred_s,energy_pred_j
32,1,0.0007294350000393,17713664.0,0.0257824570766484,False,False,18450432.0,4269840.0,4378384138.240001,0.0004610680725464028,0.02464376621921048
32,2,0.0006384854999623,17824256.0,0.030006025073485,False,False,36900864.0,4379808.0,4378384138.240001,0.0004660156529869825,0.025052194286005837
32,4,0.0006360454999594,18045440.0,0.0288705141382341,False,False,73801728.0,4599744.0,4378384138.240001,0.00047591081386814195,0.025869050419596556
32,8,0.0007173879999982,18487808.0,0.0460445955602559,False,False,147603456.0,5039616.0,4378384138.240001,0.0004957011356304608,0.027502762686777996
32,16,0.000839919499981,13793792.0,0.039520319332017,False,False,295206912.0,5919360.0,4378384138.240001,0.0005352817791550986,0.030770187221140874
32,29,0.0008874319998994,14699008.0,0.0539588463601255,False,True,535062528.0,7348944.0,4378384138.240001,0.0005996003248826351,0.036079752089480555
32,32,0.0007989454999233,14907904.0,0.0600654038406502,False,False,590413824.0,7678848.0,4378384138.240001,0.0006144430662043741,0.03730503628986663
32,56,0.0006919085000163,16579072.0,0.0468978937239378,False,True,1033224192.0,10318080.0,4378384138.240001,0.0007331849967782875,0.047107309892955265
32,64,0.0007367199999634,17136128.0,0.0474078584236335,False,False,1180827648.0,11197824.0,4378384138.240001,0.0007727656403029254,0.050374734427318144
32,128,0.0019917905000284,58292736.0,0.1435826735784052,False,False,2361655296.0,18235776.0,4378384138.240001,0.001141782270813341,0.07651413070222116
32,179,0.0027810345000034,75693056.0,0.2023519347344721,False,True,3302627328.0,23844144.0,4378384138.240001,0.0014364803830021972,0.0973439621087845
32,256,0.0038524855000332,102619648.0,0.2738837452936891,False,False,4723310592.0,32311680.0,4378384138.240001,0.0018814167484638039,0.1287929232520272
64,1,0.0004907625000214,22919680.0,0.0257398870484364,False,False,72861696.0,4589328.0,4378384138.240001,0.00047557638043173973,0.02584144258488446
64,2,0.0004962499999692,23067136.0,0.0273312924101185,False,False,145723392.0,5018784.0,4378384138.240001,0.0004950322687576564,0.0274475470173538
64,4,0.0005014069998878,23853568.0,0.0302723411308272,False,False,291446784.0,5877696.0,4378384138.240001,0.0005339440454094897,0.030659755882292482
64,8,0.0004789115000676,16743424.0,0.0291508111396588,False,False,582893568.0,7595520.0,4378384138.240001,0.0006117675987131565,0.03708417361216984
64,16,0.0005259885000441,18447360.0,0.0333162480212756,False,False,1165787136.0,11031168.0,4378384138.240001,0.0007674147053204898,0.049933009071924564
64,29,0.0007801980000294,20756992.0,0.0538812872202542,False,True,2112989184.0,16614096.0,4378384138.240001,0.0010639038309876792,0.07081236669402599
64,32,0.0008184729999811,21592576.0,0.0603793953092028,False,False,2331574272.0,17902464.0,4378384138.240001,0.001132361352141969,0.07563067999143401
64,56,0.0011320854999894,28277248.0,0.0882512629699175,False,True,4080254976.0,28209408.0,4378384138.240001,0.001680021521376287,0.11417718637069818
64,64,0.0012490430000298,31160832.0,0.1031168951081366,False,False,4663148544.0,31645056.0,4378384138.240001,0.0018625749111210598,0.12702602183045292
64,128,0.0047504394999577,75594240.0,0.327566113470233,False,False,9326297088.0,59130240.0,4378384138.240001,0.003323002029079241,0.22981670550849068
64,179,0.0067806260000224,99888128.0,0.4630879745116805,False,True,13042243584.0,81032496.0,4378384138.240001,0.004486779888702167,0.311728031564427
64,256,0.0092704190000176,137222656.0,0.6227118983488406,False,False,18652594176.0,114100608.0,4378384138.240001,0.006243856264995604,0.4353980728645662
80,1,0.0005031215000599,23002624.0,0.0271285475191137,False,True,113670144.0,4828944.0,4378384138.240001,0.00048645761134574246,0.026739699859139945
80,2,0.0005928465000124,23233024.0,0.0316906277461474,False,True,227340288.0,5498016.0,4378384138.240001,0.0005167947305856618,0.029244061565864773
80,4,0.0005350299999236,24185344.0,0.0339639085253267,False,True,454680576.0,6836160.0,4378384138.240001,0.0005774689690655006,0.03425278497931442
80,8,0.0005078494999679,17701888.0,0.0361952288876248,False,True,909361152.0,9512448.0,4378384138.240001,0.0006988174460251782,0.04427023180621373
80,16,0.0007554729999128,19642880.0,0.0544084717158453,False,True,1818722304.0,14865024.0,4378384138.240001,0.0009717439249898518,0.06430512546001232
80,29,0.0010294420001173,25741824.0,0.080646593578542,False,True,3296434176.0,23562960.0,4378384138.240001,0.0014345407820992677,0.09686182764743508
80,32,0.0010441094999578,26606080.0,0.0848245219746406,False,True,3637444608.0,25570176.0,4378384138.240001,0.0015413400568168253,0.10437491276760955
80,56,0.0019252545000654,37050880.0,0.1477575927608455,False,True,6365528064.0,41627904.0,4378384138.240001,0.0023957342545572855,0.1644795937290054
80,64,0.0019073825001214,40532480.0,0.1681918320278219,False,True,7274889216.0,46980480.0,4378384138.240001,0.002680532320470772,0.184514487382804
80,128,0.007978382499914,89881088.0,0.5355045049392402,False,True,14549778432.0,89801088.0,4378384138.240001,0.0049589168477786666,0.34479363661319284
80,179,0.0110637899999801,169306624.0,0.7449420697029553,False,True,20346955776.0,123923760.0,4378384138.240001,0.0067745045179771445,0.472516083656159
80,256,0.015357811499939,222657024.0,1.0320388095228905,False,True,29099556864.0,175442304.0,4378384138.240001,0.009515685902394454,0.6653519350739705
128,1,0.000601481500098,23362048.0,0.0337351586193719,False,False,290506752.0,5867280.0,4378384138.240001,0.0005336096119730875,0.030632148047580382
128,2,0.000818461499989,16743936.0,0.0315495759012349,False,False,581013504.0,7574688.0,4378384138.240001,0.000611098731840352,0.03702895794274565
128,4,0.0005384770000773,18447872.0,0.0363007656180599,False,False,1162027008.0,10989504.0,4378384138.240001,0.0007660769715748811,0.049822577733076176
128,8,0.0008468244999448,21592576.0,0.0611107939389639,False,False,2324054016.0,17819136.0,4378384138.240001,0.001130006122474126,0.07540981731373722
128,16,0.001267286500024,31160832.0,0.0986509065692336,False,False,4648108032.0,31478400.0,4378384138.240001,0.0018578644517853737,0.12658429647505934
128,29,0.0023591489999716,45578752.0,0.1751437967467901,False,True,8424695808.0,53674704.0,4378384138.240001,0.003040634236916151,0.20974282511220776
128,32,0.0025914915000839,48331264.0,0.1862483909735157,False,False,9296216064.0,58796928.0,4378384138.240001,0.003313581110407869,0.22893325479770354
128,56,0.0050582675000896,75069952.0,0.3279278987353141,False,True,16268378112.0,99774720.0,4378384138.240001,0.005497156098341612,0.3824566922816699
128,64,0.0057377974999326,118266368.0,0.3701953197479609,False,False,18592432128.0,113433984.0,4378384138.240001,0.00622501442765286,0.43363117144299196
128,128,0.0157520349999913,222468608.0,1.0667610922124562,False,False,37184864256.0,222708096.0,4378384138.240001,0.012047881062142841,0.8430270047335687
128,179,0.0223175189998983,320043520.0,1.5019524009628222,False,True,52000708608.0,309785904.0,4378384138.240001,0.016687977911502044,1.1692643093869972
128,256,0.0313820000000077,430873088.0,2.121129409925779,False,False,74369728512.0,441256320.0,4378384138.240001,0.023693614331122805,1.6618186713147225
224,1,0.0005063179999069,17649664.0,0.0355034652822664,False,False,889030656.0,9381648.0,4378384138.240001,0.0006932009987117941,0.04380658806999417
224,2,0.0006113759999379,20258816.0,0.0507291673763475,False,False,1778061312.0,14603424.0,4378384138.240001,0.0009590095214426417,0.06337783798757322
224,4,0.001006513499874,26327552.0,0.0821805146252415,False,False,3556122624.0,25046976.0,4378384138.240001,0.0015158712497224053,0.10252033782273133
224,8,0.0019362855000508,39975424.0,0.1573517017915432,False,False,7112245248.0,45934080.0,4378384138.240001,0.002629594706281932,0.18080533749304753
224,16,0.0045546660001036,67729920.0,0.2982139967825954,False,False,14224490496.0,87708288.0,4378384138.240001,0.0048570416194009865,0.33737533683367993
224,29,0.0079811335000385,169146880.0,0.5400493989895853,False,True,25781889024.0,155591376.0,4378384138.240001,0.008476642853219448,0.5918015857622076
224,32,0.0089389575000495,173623808.0,0.5848281202323365,False,False,28448980992.0,171256704.0,4378384138.240001,0.009311935445639094,0.6505153355149448
224,56,0.0155559160000393,319945216.0,1.0466798943845663,False,True,49785716736.0,296579328.0,4378384138.240001,0.015994276184996256,1.1202253335368417
224,64,0.0165439945000116,334854656.0,1.1067756151681407,False,False,56897961984.0,338353536.0,4378384138.240001,0.01822172309811531,1.2767953328774744
224,128,0.0500997624999399,654408192.0,3.4725512988462244,False,False,113795923968.0,672547200.0,4378384138.240001,0.036041298403067745,2.529355327602534
224,179,0.0744140664999122,949381632.0,4.977780620537698,False,True,159136487424.0,938857776.0,4378384138.240001,0.050241272474201716,3.527489073399065
224,256,0.1052460754999629,1291942400.0,6.786146335110459,False,False,227591847936.0,1340934528.0,4378384138.240001,0.0716804490129726,5.034475317052653
256,1,0.0005112124999868,18448896.0,0.0321473350192047,False,False,1161086976.0,10979088.0,4378384138.240001,0.0007657825541100218,0.04979496989836407
256,2,0.0007233405000306,21856768.0,0.050414108293084,False,False,2322173952.0,17798304.0,4378384138.240001,0.0011294173150571652,0.07535460164431304
256,4,0.0012037090000376,31160832.0,0.1045826118070253,False,False,4644347904.0,31436736.0,4378384138.240001,0.0018566868369514521,0.12647386513621095
256,8,0.00272761049996,48331264.0,0.2030834477768308,False,False,9288695808.0,58713600.0,4378384138.240001,0.0033112258807400257,0.22871239212000677
256,16,0.0055545250000932,118266368.0,0.3587665466059089,False,False,18577391616.0,113267328.0,4378384138.240001,0.006220303968317174,0.4331894460875984
256,29,0.0102758125000264,216701440.0,0.6669898768387347,False,True,33671522304.0,201917136.0,4378384138.240001,0.010947555860630039,0.7654646587849349
256,32,0.0110784194999951,222468608.0,0.7353210004950957,False,False,37154783232.0,222374784.0,4378384138.240001,0.012038460143471468,0.8421435540227817
256,56,0.0201678234999462,411998720.0,1.355064404303019,False,True,65020870656.0,386035968.0,4378384138.240001,0.020765694406202913,1.4555747159255568
256,64,0.0224194759999818,430873088.0,1.4980882391553976,False,False,74309566464.0,440589696.0,4378384138.240001,0.02367477249378006,1.6600517698931483
256,128,0.0654677399999172,847682048.0,4.379639266448367,False,False,148619132928.0,877019520.0,4378384138.240001,0.04694739719439724,3.295868201633881
256,179,0.0941795569999612,1235581440.0,6.475401655089925,False,True,207834568704.0,1224799536.0,4378384138.240001,0.06549277000270155,4.5994094206772775
256,256,0.1338774409999814,1682012672.0,8.956686439740462,False,False,297238265856.0,1749879168.0,4378384138.240001,0.0934926465956316,6.567501065115348
272,1,0.00083928250001,18888192.0,0.0436292940068728,False,True,1310717952.0,11857680.0,4378384138.240001,0.0008126446973540156,0.05308857990396752
272,2,0.0007266384998274,22772224.0,0.0650211741960149,False,True,2621435904.0,19555488.0,4378384138.240001,0.0012231416015451532,0.08194182165551991
272,4,0.0013105089999498,32803328.0,0.1211411489676297,False,True,5242871808.0,34951104.0,4378384138.240001,0.002044135409927428,0.13964830515862472
272,8,0.0030257159999109,52926976.0,0.2296088561395001,False,True,10485743616.0,65742336.0,4378384138.240001,0.0036861230266919775,0.2550612721648343
272,16,0.0069810884999697,124230144.0,0.4472813977106032,False,True,20971487232.0,127324800.0,4378384138.240001,0.006970098260221077,0.4858872061772535
272,29,0.0125840129999232,224210432.0,0.8231766285854306,False,True,38010820608.0,227396304.0,4378384138.240001,0.012306558014705862,0.8609793489474349
272,32,0.0137338644999545,233150976.0,0.9004623744980305,False,True,41942974464.0,250489728.0,4378384138.240001,0.013538048727279275,0.9475390742020919
272,56,0.0243234049999045,430873088.0,1.6134322481704293,False,True,73400205312.0,435237120.0,4378384138.240001,0.023389974427866573,1.6400168762393497
272,64,0.0275365305001287,450337280.0,1.828609270878716,False,True,83885948928.0,496819584.0,4378384138.240001,0.026673949661395673,1.870842810251769
272,128,0.0827664339999501,886610432.0,5.522662237487859,False,True,167771897856.0,989479296.0,4378384138.240001,0.05294575152962847,3.7174502823511224
272,179,0.1218729575000452,1289923072.0,8.068791956737297,False,True,234618513408.0,1382067504.0,4378384138.240001,0.07388109364337647,5.188965611680295
272,256,0.1746101050000561,1760918016.0,11.54773174700286,False,True,335543795712.0,1974798720.0,4378384138.240001,0.10548935526609406,7.41066522654983
352,1,0.0007173390001753,21485056.0,0.0551156784236638,False,True,2194900992.0,17049360.0,4378384138.240001,0.0010895573619776162,0.0725508208461697
352,2,0.0014046280000457,29530624.0,0.1089102159350818,False,True,4389801984.0,29938848.0,4378384138.240001,0.0017769669307923543,0.12086630353992431
352,4,0.0026235440000164,47479296.0,0.2187001123363658,False,True,8779603968.0,55717824.0,4378384138.240001,0.00315178606842183,0.21749726892743346
352,8,0.0065873445000761,81689088.0,0.4093364009769264,False,True,17559207936.0,107275776.0,4378384138.240001,0.005901424343680782,0.4107591997024519
352,16,0.0124584814998343,190183936.0,0.7986354836650396,False,True,35118415872.0,210391680.0,4378384138.240001,0.011400700894198685,0.7972830612524886
352,29,0.0225836480001362,353286656.0,1.467542227679396,False,True,63652128768.0,377955024.0,4378384138.240001,0.02033702528879028,1.4253843362712983
352,32,0.0245618380001815,365787648.0,1.607709180679615,False,True,70236831744.0,416623488.0,4378384138.240001,0.022399253995234493,1.570330784352562
352,56,0.0441660960000263,680557056.0,2.8891162420886167,False,True,122914455552.0,725971200.0,4378384138.240001,0.03889708364678821,2.729902369002672
352,64,0.0499527560000387,716536320.0,3.2749380695252843,False,True,140473663488.0,829087104.0,4378384138.240001,0.04439636019730611,3.1164262305527086
352,128,0.1483809180001571,1417771520.0,9.66536245339047,False,True,280947326976.0,1654014336.0,4378384138.240001,0.08839057260144934,6.208617122953003
352,179,0.2087841614998069,2059942400.0,13.55600215485845,False,True,392887277568.0,2311378224.0,4378384138.240001,0.12344846061100098,8.672706740334487
352,256,0.2827533074998882,2818669056.0,18.42088714459169,False,True,561894653952.0,3303868800.0,4378384138.240001,0.1763789974097358,12.39299890775359
384,1,0.0007679725001707,22772224.0,0.0631869510837114,False,False,2612054016.0,19498768.0,4378384138.240001,0.0012202033370820842,0.0817330063163369
384,2,0.0013856155001121,32733696.0,0.1250048226589353,False,False,5224108032.0,34837664.0,4378384138.240001,0.00203825888100129,0.13923067448025866
384,4,0.0030609359998834,52787712.0,0.2265325044452921,False,False,10448216064.0,65515456.0,4378384138.240001,0.003674369968839702,0.2542260108081022
384,8,0.0073647630001687,94075392.0,0.4637927798167063,False,False,20896432128.0,126871040.0,4378384138.240001,0.006946592144516526,0.4842166834637893
384,16,0.0135648589998709,226589184.0,0.8869641425676668,False,False,41792864256.0,249582208.0,4378384138.240001,0.013491036495870173,0.9441980287751636
384,29,0.0243884195001555,420071936.0,1.598748065025993,False,True,75749566464.0,448987856.0,4378384138.240001,0.024125758566819852,1.6916677149061468
384,32,0.0263524244999189,435210752.0,1.7502857189184198,False,False,83585728512.0,495004544.0,4378384138.240001,0.026579925198577468,1.864160719397912
384,56,0.0472970925000026,814938624.0,3.121795757907201,False,True,146275024896.0,863138048.0,4378384138.240001,0.04621325825263842,3.2441047553320344
384,64,0.0525088770000365,856357376.0,3.512088514791875,False,False,167171457024.0,985849216.0,4378384138.240001,0.05275770260399206,3.704086100643409
384,128,0.1554499699998359,1698789888.0,10.187032136728762,False,False,334342914048.0,1967538560.0,4378384138.240001,0.10511325741482123,7.3839368631344025
384,179,0.2224285980000786,2473490944.0,14.778761944234938,False,True,467557668864.0,2749822256.0,4378384138.240001,0.14683409015470075,10.316317939494413
384,256,0.3159286019999854,3383237120.0,21.304365652532105,False,False,668685828096.0,3930917248.0,4378384138.240001,0.2098243670364796,14.743638388116388
400,1,0.000813106500118,23559680.0,0.066340964812856,False,True,2834233344.0,20803344.0,4378384138.240001,0.0012897865194746814,0.08662351814283897
400,2,0.0013727909999943,34439680.0,0.1245263915354661,False,True,5668466688.0,37446816.0,4378384138.240001,0.0021774252457864842,0.14901169813326284
400,4,0.0032647885000187,56691200.0,0.2593479097479884,False,True,11336933376.0,70733760.0,4378384138.240001,0.003952702698410091,0.27378805811411056
400,8,0.0080606804999661,101194240.0,0.5038648949791135,False,True,22673866752.0,137307648.0,4378384138.240001,0.007503257603657303,0.523340778075806
400,16,0.014755603499907,258046464.0,0.9780650139742498,False,True,45347733504.0,270455424.0,4378384138.240001,0.014604367414151727,1.022446217999197
400,29,0.0269571830001495,481716736.0,1.7997711961166665,False,True,82192766976.0,486820560.0,4378384138.240001,0.026143670856205167,1.8334925578747072
400,32,0.0295976324998719,498407936.0,1.9630084341013267,False,True,90695467008.0,536750976.0,4378384138.240001,0.028806587035140576,2.020657097845979
400,56,0.0534204140001293,935025152.0,3.5246668077221037,False,True,158717067264.0,936194304.0,4378384138.240001,0.050109916466623855,3.5179734176161515
400,64,0.0608415689998764,981957120.0,4.004796053946361,False,True,181390934016.0,1069342080.0,4378384138.240001,0.05721102627711828,4.017078857539542
400,128,0.1808156654999493,1947507200.0,11.953466265241024,False,True,362781868032.0,2134524288.0,4378384138.240001,0.11401990476107367,8.009922376926669
400,179,0.2619591655000022,2840637952.0,17.34119140072096,False,True,507327768576.0,2983341360.0,4378384138.240001,0.15928947980297564,11.191719556438287
400,256,0.3706504715000847,3881998848.0,24.37933060133484,False,True,725563736064.0,4264888704.0,4378384138.240001,0.22763766172898448,15.995609415700923
512,1,0.0012592964999385,31160832.0,0.1051391733757999,False,False,4643407872.0,31426320.0,4378384138.240001,0.0018563924332429718,0.12644625730149883
512,2,0.0023943879998569,48331264.0,0.2022198140350966,False,False,9286815744.0,58692768.0,4378384138.240001,0.003310637073323065,0.22865717645058256
512,4,0.0065866544998698,83982848.0,0.4051822276685826,False,False,18573631488.0,113225664.0,4378384138.240001,0.006219126353483252,0.43307901474875005
512,8,0.012611950000064,155286016.0,0.8290644587970604,False,False,37147262976.0,222291456.0,4378384138.240001,0.012036104913803625,0.8419226913450848
512,16,0.0233512289998998,398684672.0,1.5109564251908176,False,False,74294525952.0,440423040.0,4378384138.240001,0.023670062034444373,1.6596100445377546
512,29,0.0427005225001266,756042240.0,2.8589876715264877,False,True,134658828288.0,794886864.0,4378384138.240001,0.04257524235548559,2.988351993475843
512,32,0.0470512709998729,783305216.0,3.085567152371733,False,False,148589051904.0,876686208.0,4378384138.240001,0.04693797627572587,3.2949847509230947
512,56,0.0829913464999663,1477048832.0,5.534068334649909,False,True,260030840832.0,1531080960.0,4378384138.240001,0.08183984763764811,5.748046810501103
512,64,0.0944179739999526,1552546304.0,6.24313915430865,False,False,297178103808.0,1749212544.0,4378384138.240001,0.09347380475828886,6.565734163693773
512,128,0.283037732999901,3091298816.0,18.686181103191227,False,False,594356207616.0,3494265216.0,4378384138.240001,0.18654546172341485,13.107232989235131
512,179,0.4186513084998751,3204545024.0,27.70149941385765,False,True,831170009088.0,4884854064.0,4378384138.240001,0.2607119383674996,18.3199898658384
512,256,,,,True,False,1188712415232.0,6984370560.0,4378384138.240001,0.3726887756536668,26.19023064031785
